영문,한글_variants,한글_official,설명,비고
[],[],,"In character ability, the contents in this parentheses ([]) are applied during game setting. Even if there is a parentheses ([]) in the character's ability born during the game, it is not applied.",
Ability,능력,능력,"The special power or penalty of a character, printed on its character token, the character sheet for the chosen edition, and the character almanac for the chosen edition. The definitive text of the ability is printed in the “How to Run” section of the character almanac. Characters have no ability when dead, drunk, or poisoned.",
About to die,처형 대상,,The player who has enough votes to be executed and more votes than any other player today.,
Alignment,"진영, 팀",,"The team that a player is currently on. Alignment is either good or evil. If a player changes alignment, their character stays the same. If a player changes character, their alignment stays the same. Players know their own alignment.",
Alive,살아있는,살아있는,"A player that has not died. Alive players have their ability, may vote as many times as they wish, and may nominate players. As long as 3 or more players are alive, the game continues.",
Alive neighbours,살아있는 이웃,,"The two alive players that are sitting closest—one clockwise, one counterclockwise—to the player in question, not including any dead players sitting between them.",
Ally,같은 편,,A player of the same alignment.,
Blood on the clock tower,시계탑에 흐른 피,,"a game of murder and mystery, lies and logic, deduction and deception for five-to-twenty courageous players and one devious storyteller.",
BOTC,시계피,,"""Blood on the clock tower"" game name abbreviation.",
Character,캐릭터,캐릭터,"The role that a player plays, such as the Butler, as listed on the character sheet and character almanac for the chosen edition. Characters may be in play or not in play.",
Character sheet,캐릭터 시트,,The sheets that list all of the possible characters and their abilities for the chosen edition.,
Character token,캐릭터 토큰,캐릭터 토큰,The large round token that each player gets at the start of the game that indicates their character. Players cannot look at each other's character tokens.,
Choose,선택,선택,"This word in a character’s ability indicates that their player decides something. If this word is absent, the Storyteller decides instead.",
Clocktower,시계탑,,"Blood on the Clocktower, the world’s greatest bluffing game!",
Dawn,새벽,새벽,"The end of a night, just before the next day begins. Characters that act “at dawn” act after almost all other characters.",
Day,낮,낮,"The game phase in which players have their eyes open, talk with each other, and vote for an execution. Each day is followed by a night. Each night is followed by a day.",
Dead,사망,사망,"A player that is not alive. Dead players may only vote once more during the game. When a player dies, their life token flips over, they gain a shroud in the Grimoire, they immediately lose their ability, and any persistent effects of their ability immediately end.",
Declare,선언,선언,State to the group so that everyone can hear you.,
Demon,악마,악마,"A type of character that begins evil. If the Demon dies, the good team wins. Demons usually kill players at night and have some other ability that harms the good team.",
Demon info,악마의 정보,악마 정보,"Shorthand on the night sheet, representing the information that the Demon receives on the first night if there are 7 or more players. The Demon learns which players are the Minions, and learns 3 good characters that are not in play to help them bluff.",
"Demon, The",그 악마,,"The player that has the Demon character. In a game with multiple Demons, each alive Demon player counts as “The Demon”.",
Drunk,취함,취함,"A drunk player has no ability but thinks they do, and the Storyteller acts like they do. If their ability would give them information, the Storyteller may give them false information. Drunk players do not know they are drunk.",
Dusk,황혼,황혼,"The start of a night, just after the players close their eyes. Characters that act “at dusk” act before almost all other characters. Abilities that last “until dusk” end as soon as the players go to sleep.",
Each night,매일 밤,매일 밤,Every night phase.,
Each night*,매일 밤*,,"Shorthand on character sheets and tokens, meaning “Every night phase except for the first night phase.”",
Edition,에디션,,"A scenario of Clocktower that contains a set of tokens, character sheets, and a character almanac. For example, Trouble Brewing. Each edition has a unifying theme, strategy, and tone.",
Evil,"악, 악팀",악한 팀,"The evil alignment. Minions and Demons (red characters) start as evil. Evil wins when just 2 players are alive, not including Travellers.",
Evil character,악한 캐릭터,악한 캐릭터,"Minions and Demons, In general.",
Execution,처형,처형,"The group decision to kill a player other than a Traveller during the day. There is a maximum of one execution per day, but there may be none. A nominated player is executed if they got votes equal to at least half the number of alive players, and more votes than any other nominated player.",
Exile,추방,추방,"The group decision to kill a Traveller during the day. There may be any number of exiles per day, including none. Any players may support an exile, even dead players without a vote token. Abilities cannot affect an exile decision in any way. Though an exile is similar to a vote for execution, the process is not a vote, and an exile is not an execution. See Vote and Execution.",
Fabled,전설,,"A type of character for the Storyteller. Fabled characters are neutral, chosen by the Storyteller publicly, and usually make the game fairer in strange situations.",
False info,거짓 정보,거짓 정보,"False information, such as a false statement, gesture, or character token. The Storyteller may give false information when an ability malfunctions, such as when the player is drunk or poisoned. See True info.",
First night,첫날 밤,,The night phase that begins the game. Some characters act only during the first night. Some characters act during each night except the first. Players may talk about their characters only after the first night.,
Good,"선, 선팀",선한 팀,The good alignment. Townsfolk and Outsiders (blue characters) start as good. Good wins if the Demon dies.,
Good character,선한 캐릭터,선한 캐릭터,Townsfolk and Outsiders.,
Grimoire,그리모어,,"The box that stores the Clocktower pieces, held and updated by the Storyteller. Players cannot look in the Grimoire. The Grimoire shows the actual states of all the characters, such as who is alive or dead, who is poisoned, who is acting at night, etc.",
Healthy,건강한,건강한,Not poisoned.,
In play,참가중인,참여하는,"A character that exists in the current game, either alive or dead.",
Info,정보,,Information.,
Info token,정보 토큰,정보 토큰,"Rectangular tokens that give information and are sometimes shown to players at night. For example, the “This is the Demon” info token.",
Leaf,나뭇잎,,The small green and orange symbols on many character tokens that help the Storyteller run the game. Green leaves on the top show the number of reminder tokens to add to the Grimoire. A green leaf on the left shows that the character needs a night token on the first night. A green leaf on the right shows that the character needs a night token on each night except the first. An orange leaf means that the character setup is different than normal for this game.,
Life token,생명 토큰,,"These tokens are placed on the Town Square, corresponding to the players’ seating positions, and show which players are alive or dead. The parchment side shows that the player is alive, and the black side shows that the player is dead.",
Lose,패배,패배,"At the end of the game, one team will lose. Dead and alive players lose as a team. Evil loses when the Demon dies. Good loses when there are only two alive players, not including Travellers.",
Mad,광기,집착,"A player who is “mad” about something is trying to convince the group that something is true. Some players are instructed to be mad about something - if the Storyteller thinks that a player has not put effort to convince the group of the thing they are mad about, then a penalty may apply. Some players are instructed to not be mad about something - if the Storyteller thinks that a player has tried to convince the group of that thing, then a penalty may apply.",
Might,"~할 수도, ~일지도",~할 수도,Shorthand on character sheets and tokens. Something that “might” happen means the Storyteller chooses whether it happens or not.,
Minion,하수인,하수인,A type of character that begins evil. Minions have abilities that help the evil team. There are usually 1 to 3 Minions per game. The Traveller sheet lists the number of Minions in the current game.,
Minion info,하수인 정보,하수인 정보,"Shorthand on the night sheet, representing the information that the Minions receive on the first night if there are 7 or more players. The Minions learn which other players are Minions, and which player the Demon is.",
Neighbors,이웃들,이웃,"The two players, whether dead or alive, sitting one seat clockwise and counterclockwise from the player in question.",
Night,밤,밤,"The game phase in which players close their eyes, and certain characters wake to act or receive information. The game begins with the night phase. Each day is followed by a night. Each night is followed by a day.",
Night sheet,밤 시트,,The sheet the Storyteller uses to know which characters act in which order at night. The night sheet has one side to use on the first night and one side to use on all other nights.,
Night token,밤 토큰,,The tokens that the Storyteller puts next to the night sheet to indicate which characters may need to act tonight. Which night tokens are needed is indicated by the leaves on the left and right of each character token.,
Nomination,지명,지목,"The act of declaring a group vote to execute a player, which is echoed by the Storyteller. Players may nominate once per day, and can be nominated once per day. Only alive players may nominate.",
Not in play,참가중이지 않는,참여하지 않는,"A character that does not exist in the current game, but is on the character sheet.",
Once per game,"게임당 1회, 게임 중 한 번",게임당 1번,"An ability that can be used only once. If a player dies before using their ability, or if they use their ability, even while drunk or poisoned, they cannot use their ability again.",
Outsider,이방인,외지인,A type of character that begins good. Outsiders have abilities that are unhelpful to the good team. The Traveller sheet lists how many Outsiders are in the current game.,
Player,참가자,플레이어,"Any person who has an in-play character, not including the Storyteller.",
Poisoned,중독,중독,"A poisoned player has no ability but thinks they do, and the Storyteller acts like they do. If their ability would give them information, the Storyteller may give them false information. Poisoned players do not know they are poisoned. See Drunk.",
Private,비밀스럽게,,"Anything whispered between two players, or between a player and the Storyteller, so that the other players do not hear it.",
Public,공개적으로,공개적으로,"Anything said or done in such a way that most players, including the Storyteller, are aware that it happened.",
Raised,일으켜진,부활,"A dead player becoming alive again. When this happens, the player gains their ability back, even if it was a ""once per game"" ability that had been used. If this ability functions on the first night only, it functions tonight.",
Reborn,다시 태어난,부활,"A dead player becoming alive again. When this happens, the player gains their ability back, even if it was a ""once per game"" ability that had been used. If this ability functions on the first night only, it functions tonight.",
Red herring,붉은 청어,허상,The term for a good player who registers as a Demon to the Fortune Teller.,위키 Glossary 페이지(2026-09 기준)에 현재 없음 — 다른 페이지로 이동/개편된 것으로 추정
Register,간주되다,위장,"A player that “registers as” a specific character or alignment counts as that character or alignment for game rule purposes, and for other player’s abilities. For example, if a good player “registers as evil,” they are still good (and win when good wins), but they count as evil to characters that detect evil. Registering as a character does not impart that character’s ability.",
Regurgitated,토해진,부활,"A dead player becoming alive again. When this happens, the player gains their ability back, even if it was a ""once per game"" ability that had been used. If this ability functions on the first night only, it functions tonight.",
Reminder token,알림 토큰,,The small tokens that help the Storyteller remember all sorts of things. Reminder tokens are specific to a certain character.,
Resurrected,부활한,부활,"A dead player becoming alive again. When this happens, the player gains their ability back, even if it was a ""once per game"" ability that had been used. If this ability functions on the first night only, it functions tonight.",
Rules sheet,규칙서,,The sheet that is read out at the beginning of a game so that new players can learn the important rules. New players may instead read the sheet privately if they wish.,
Script,스크립트,,"A collection of characters, created via the Script Tool, that can be printed to make character sheets.",
Script Tool,스크립트 도구,,"The online character list generator, which allows you to design scripts from any combination of character tokens you own. Use the Script Tool at script.bloodontheclocktower.com.",
Setup sheet,준비서,,The sheet that details what the Storyteller needs to do before beginning a game.,
Shroud,수의,,The black and grey banner-shaped token used in the Grimoire to indicate that a player is dead.,
Sober,"취하지 않은, 맨정신",맨정신,Not drunk.,
Start knowing,알고 시작,,"Shorthand on character sheets and tokens. A character that “starts knowing” gains knowledge on the first night or, if such a character is created mid-game, at that point instead.",
State,상태,상태,"A current property of a player. A player is always either drunk or sober, either poisoned or healthy, either alive or dead, and either mad or sane.",
Storyteller,이야기꾼,이야기꾼,"The person who runs the game. The Storyteller keeps the Grimoire, follows the rules of the game, and makes the final decision on what happens when a situation needs adjudication.",
Team,"팀, 진영",팀,All players sharing an alignment. “Your team” means “You and all other players that have the same alignment as you.”,
Think,생각하다,,A player who “thinks” they are a different character receives a character token that does not match their true character in the Grimoire. The Storyteller pretends to this player that they are this false character.,
Tomorrow,다음날,,The day phase and the night phase following the current night phase.,
Town Square,마을 광장,,"The grey cardboard sheet in the center of the seats. The Town Square has the player's life tokens and vote tokens on it, and the Traveller sheet under it.",
Townsfolk,마을주민,주민,"A type of good character. Townsfolk have abilities that help the good team. Usually, most in-play characters are Townsfolk. The Traveller sheet lists the number of Townsfolk in the current game.",
Traveller,여행자,여행자,"A type of character for players who are late to join or who expect to leave early. The player chooses their character, and the Storyteller chooses their alignment. Travellers have great power, but may be exiled by the group.",
Traveller Sheet,여행자 시트,,The sheet placed under the Town Square. It lists how many Outsiders and Minions are in the current game and what the Travellers’ abilities are.,
True info,옳은 정보,,"True information, such as a true statement, gesture, or character token. The Storyteller must always give true information about the rules. See False info.",
Type,유형,유형,"A class of character—Townsfolk, Outsider, Minion, Demon, Traveller, or Fabled.",
Vote,투표,투표,"Raising a hand when the Storyteller is counting the number of players in favor of an execution. Players may vote as many times as they want per day. A dead player may only vote once for the rest of the game. The votes are tallied clockwise, ending with the nominated player. The exile process, though similar, is not a vote. See Exile.",
Vote token,투표 토큰,투표 토큰,"The round white circular token that is put on a player’s life token when they die. When this dead player votes, they remove their vote token and cannot vote for the rest of the game.",
Wake,깨어남,깨움,"A player opening their eyes at night. The Storyteller wakes a player by tapping twice on the knee or shoulder, and wakes all players by saying “eyes open, everybody” at dawn.",
Win,승리,승리,"At the end of the game, one team will win. Alive and dead players win as a team. Good wins when the Demon dies. Evil wins when there are only two alive players, not including Travellers.",
jinx,징크스,,"A special rule triggered when two specific characters are on the same script together, as their abilities would otherwise conflict and break the game.",위키 Glossary 페이지(2026-09 기준)에 현재 없음 — 별도 Jinx 관련 페이지로 이동된 것으로 추정
kazali,카잘리,카잘리,설명없음,
lordoftyphon,태풍의 군주,티폰의 군주,설명없음,
boffin,과학자,과학자,설명없음,
philosopher,철학자,철학자,설명없음,
alchemist,연금술사,연금술사,설명없음,
poppygrower,양귀비 재배자,양귀비 재배꾼,설명없음,
yaggababble,야가바블,야가바블,설명없음,
magician,마술사,마술사,설명없음,
minion_info,하수인 정보,,설명없음,
snitch,밀고자,밀고자,설명없음,
lunatic,미치광이,미치광이,설명없음,
summoner,소환사,소환사,설명없음,
engineer,기술자,기계공,설명없음,
demon_info,악마 정보,,설명없음,
king,왕,왕,설명없음,
sailor,선원,선원,설명없음,
marionette,꼭두각시,꼭두각시,설명없음,
preacher,설교자,전도사,설명없음,
lilmonsta,릴'몬스타,릴 몬스타,설명없음,
lleech,거거머리,거무리,설명없음,
Xaan,쟌,잔,설명없음,
poisoner,독약꾼,독살범,설명없음,
widow,과부,미망인,설명없음,
courtier,신하,궁정대신,설명없음,
Wizard,마법사,마법사,설명없음,
snakecharmer,뱀조련사,뱀 조련사,설명없음,
godfather,대부,대부,설명없음,
organgrinder,오르간연주자,거리의 악사,설명없음,
devilsadvocate,악마의 대변인,악마의 변호사,설명없음,
eviltwin,사악한 쌍둥이,사악한 쌍둥이,설명없음,
witch,마녀,마녀,설명없음,
cerenovus,세레노부스,세레노버스,설명없음,
fearmonger,공포조장가,공포의 전령,설명없음,
harpy,하피,하피,설명없음,
mezepheles,메제펠레스,메제펠레스,설명없음,
pukka,푸카,푸카,설명없음,
nightwatchman,야간경비대,야경꾼,설명없음,
pixie,픽시,픽시,설명없음,
huntsman,사냥꾼,사냥꾼,설명없음,
damsel,아가씨,아가씨,설명없음,
amnesiac,기억상실자,기억상실자,설명없음,
flowergirl,꽃파는소녀,꽃팔이 소녀,설명없음,
spy,스파이,첩자,설명없음,
washerwoman,세탁부,세탁부,설명없음,
librarian,사서,사서,설명없음,
investigator,조사관,수사관,설명없음,
empath,공감인,초공감자,설명없음,
fortuneteller,점쟁이,점쟁이,설명없음,
butler,집사,집사,설명없음,
po,포,포,설명없음,
actor,배우,,설명없음,
shabaloth,샤발로스,샤발로스,설명없음,
zombuul,좀부울,좀버얼,설명없음,
al-hadikhia,알-하디키아,,설명없음,
legion,군단,군단,설명없음,
architect,건축가,,설명없음,
leviathan,레비아탄,레비아탄,설명없음,
augur,조점관,,설명없음,
badomen,불길한 징조,,설명없음,
ojo,오호,오조,설명없음,
riot,폭동,폭도,설명없음,
barnacle,따개비,,설명없음,
fanggu,팡구,팡 구,설명없음,
beedrill,독침붕,,설명없음,
nodashii,노다시,노 다시,설명없음,
vigormortis,비고모르티스,비고르모르티스,설명없음,
blacksmith,대장장이,,설명없음,
blastoise,거북왕,,설명없음,
boatswain,갑판장,,설명없음,
vortox,볼톡스,보르톡스,설명없음,
imp,임프,임프,설명없음,
angel,천사,천사,설명없음,
buddhist,묵언수행자,불자,설명없음,
doomsayer,종말론자,파멸의 예언자,설명없음,
buccaneer,카리브 해적,,설명없음,
fiddler,바이올린 연주자,바이올린 연주자,설명없음,
bulbasaur,이상해씨,,설명없음,
hellslibrarian,지옥의 사서,지옥의 사서,설명없음,
revolutionary,혁명가,혁명가,설명없음,
toymaker,장난감 제작자,장난감 제작자,설명없음,
caesar,카이사르,,설명없음,
calypso,칼립소,,설명없음,
djinn,지니,진,설명없음,
captain,선장,,설명없음,
centurion1,백인대장,,설명없음,
duchess,공작부인,공작부인,설명없음,
fibbin,피빈,악동,설명없음,
charizard,리자몽,,설명없음,
charmander,파이리,,설명없음,
sentinel,경비병,보초,설명없음,
spiritofivory,상아의 영혼,상아의 혼,설명없음,
cleopatra_,클레오파트라,,설명없음,
bootlegger,밀수꾼,밀주업자,설명없음,
corsair,지중해 해적,,설명없음,
deus ex Fiasco,재앙의 신,,설명없음,
crassus,크라수스,,설명없음,
ferryman,뱃사공,뱃사공,설명없음,
gardener,정원사,정원사,설명없음,
deckhand,갑판원,,설명없음,
stormcatcher,폭풍잡이,폭풍 부르미,설명없음,
assassin,암살자,암살자,설명없음,
ditto,메타몽,,설명없음,
mastermind,배후인물,주모자,설명없음,
boomdandy,붐댄디,폭탄마,설명없음,
goblin,고블린,고블린,설명없음,
electrode,붐볼,,설명없음,
emperor,황제,,설명없음,
psychopath,사이코패스,사이코패스,설명없음,
vizier,고관,재상,설명없음,
Wraith,유령,악령,설명없음,
firstmate,1등 항해사,,설명없음,
flesheater,살점 포식자,,설명없음,
pithag,마귀할멈,마귀할멈,설명없음,
baron,남작,남작,설명없음,
gastly,고오스,,설명없음,
scarletwoman,진홍의 여인,탕녀,설명없음,
gengar,팬텀,,설명없음,
gladiator,검투사,,설명없음,
glykon1,글리콘,,설명없음,
goon,깡패,건달,설명없음,
moonchild,문차일드,달의 자손,설명없음,
tinker,땜장이,땜장이,설명없음,
greninja,개굴닌자,,설명없음,
grogblossom,딸기코,,설명없음,
golem,골렘,골렘,설명없음,
gyarados,갸라도스,,설명없음,
hannibal,한니발,,설명없음,
hatter,모자장수,모자 장수,설명없음,
heretic,이교도,배교자,설명없음,
haruspex,내장 점술가 ,,설명없음,
hermit,수행자,둔세자,설명없음,
ogre,오우거,오우거,설명없음,
plaguedoctor,역병의사,역병 의사,설명없음,
politician,정치인,정치인,설명없음,
hermitcrab,소라게,,설명없음,
highpriest1,고위사제1,,설명없음,
highpriest2,고위사제2,,설명없음,
zealot,광신도,광신자,설명없음,
iamspartacus,나는 스파르타쿠스다!,,설명없음,
barber,이발사,이발사,설명없음,
klutz,얼뜨기,얼뜨기,설명없음,
mutant,돌연변이,변종,설명없음,
sweetheart,연인,사랑꾼,설명없음,
kakuna,딱충이,,설명없음,
drunk,주정뱅이,주정뱅이,설명없음,
recluse,은둔자,은둔자,설명없음,
saint,성자,성자,설명없음,
chambermaid,하녀,객실 청소부,설명없음,
kraken,크라켄,,설명없음,
landlubber,풋내기 선원,,설명없음,
legionary,군단병,,설명없음,
exorcist,구마사제,구마사제,설명없음,
fool,광대,어릿광대,설명없음,
gambler,도박꾼,도박사,설명없음,
gossip,험담꾼,험담꾼,설명없음,
grandmother,할머니,할머니,설명없음,
innkeeper,여관주인,여관 주인,설명없음,
minstrel,음유시인,음유시인,설명없음,
pacifist,평화주의자,평화주의자,설명없음,
magikarp,잉어킹,,설명없음,
professor,교수,교수,설명없음,
tealady,찻집여인,찻집 여인,설명없음,
acrobat,곡예사,기예꾼,설명없음,
meowth,나옹,,설명없음,
mercenary,용병,,설명없음,
merchant,상인,,설명없음,
mermaid,인어,,설명없음,
mew,뮤,,설명없음,
mewtwo,뮤츠,,설명없음,
Alsaahir,알사히르,알사히르,설명없음,
atheist,무신론자,무신론자,설명없음,
balloonist,열기구조종사,열기구 조종사,설명없음,
banshee,밴시,밴시,설명없음,
mortician,장의사,,설명없음,
muk,질뻐기,,설명없음,
bountyhunter,현상금 사냥꾼,현상금 사냥꾼,설명없음,
mysticpriestess,비밀 여사제,,설명없음,
navigator,항해사,,설명없음,
cannibal,식인종,식인종,설명없음,
choirboy,성가대 소년,성가대 소년,설명없음,
cultleader,사이비교주,사교 교주,설명없음,
farmer,농부,농부,설명없음,
oldseadog,노련한 선원,,설명없음,
fisherman,어부,낚시꾼,설명없음,
general,장군,장군,설명없음,
highpriestess,고위여사제,대사제,설명없음,
physician,의사,,설명없음,
pidgeotto,피죤,,설명없음,
pikachu,피카츄,,설명없음,
knight,기사,기사,설명없음,
lycanthrope,늑대인간,늑대인간,설명없음,
noble,귀족,귀족,설명없음,
powdermonkey,화약 운반수,,설명없음,
privateer,사략선 해적,,설명없음,
Princess,공주,공주,설명없음,
puzzlemaster,퍼즐마스터,퍼즐마스터,설명없음,
shugenja,슈겐자,수행자,설명없음,
steward,관리인,시종,설명없음,
raichu,라이츄,,설명없음,
villageidiot,동네바보,마을 백치,설명없음,
artist,예술가,화가,설명없음,
clockmaker,시계공,시계공,설명없음,
dreamer,몽상가,꿈꾸는 자,설명없음,
rusalka,루살카,,설명없음,
juggler,저글러,곡예사,설명없음,
mathematician,수학자,수학자,설명없음,
oracle,예언자,예언자,설명없음,
sage,현자,현자,설명없음,
scholar,학자,,설명없음,
sculptor,조각가,,설명없음,
savant,자폐증 천재,백치천재,설명없음,
seaspirit,바다 정령,,설명없음,
seamstress,재봉사,재봉사,설명없음,
towncrier,포고꾼,포고꾼,설명없음,
sibyl,무녀,,설명없음,
chef,요리사,요리사,설명없음,
slowbro,야도란,,설명없음,
slowking,야도킹,,설명없음,
slowpoke,야돈,,설명없음,
spartacus,스파르타쿠스,,설명없음,
mayor,시장,시장,설명없음,
squirtle,꼬부기,,설명없음,
standardbearer,군단기수,,설명없음,
monk,수도승,수도사,설명없음,
ravenkeeper,까마귀 사육사,까마귀지기,설명없음,
stowaway,밀항자,,설명없음,
slayer,처단자,처단자,설명없음,
soldier,군인,군인,설명없음,
undertaker,장의사,장의사,설명없음,
teamrocket,로켓단,,설명없음,
temptress,요부,,설명없음,
thetwins,쌍둥이,,설명없음,
virgin,처녀,성결자,설명없음,
apprentice,견습생,수습생,설명없음,
bishop,주교,주교,설명없음,
trumpeter,나팔수,,설명없음,
umibozu,우미보즈,,설명없음,
undeadpirate,언데드 해적,,설명없음,
judge,판사,판사,설명없음,
venusaur,이상해꽃,,설명없음,
vestalvirgin,베스타의 무녀 ,,설명없음,
matron,사감,가정교사,설명없음,
voudon,부두술사,부두술사,설명없음,
barista,바리스타,바리스타,설명없음,
bonecollector,뼈 수집가,뼈 수집가,설명없음,
butcher,도살자,푸주한,설명없음,
deviant,일탈자,이단아,설명없음,
harlot,매춘부,매춘부,설명없음,
weedle,뿔충이,,설명없음,
wench,여급,,설명없음,
beggar,거지,거지,설명없음,
winemaker,와인 제조자 ,,설명없음,
bureaucrat,관료,관료,설명없음,
gunslinger,총잡이,총잡이,설명없음,
wobbuffet,마자용,,설명없음,
scapegoat,희생양,희생양,설명없음,
thief,도둑,도둑,설명없음,
gangster,갱스터,갱단원,설명없음,
zubat,주뱃,,설명없음,
Bluffing,블러핑,블러핑,"위키 섹션 제목 ""Bluffing as the ~"" 및 본문. 2026-09-28 CastleQ 확정",위키 번역 확정 용어
Claim,주장하다,주장하다,"자신이 어떤 캐릭터라고 말하는 것. 2026-09-28 CastleQ 확정",위키 번역 확정 용어
Tips & Tricks,팁과 요령,팁과 요령,위키 섹션 제목. 2026-09-28 CastleQ 확정,위키 번역 확정 용어
How to Run,진행 방법,진행 방법,위키 섹션 제목(이야기꾼용). 2026-09-28 CastleQ 확정,위키 번역 확정 용어
Appears in,수록 에디션,수록 에디션,위키 정보 상자 항목. 2026-09-28 CastleQ 확정,위키 번역 확정 용어
"Trouble Brewing",트러블 브루잉,점철되는 혼란,기본 3종 에디션 이름. 앱 시나리오 선택 화면과 같은 정발 이름,2026-09-29 CastleQ 확정 (위키 번역·도감 모두 정발 이름 사용)
"Bad Moon Rising",배드 문 라이징,피로 물든 달,기본 3종 에디션 이름. 앱 시나리오 선택 화면과 같은 정발 이름,2026-09-29 CastleQ 확정 (위키 번역·도감 모두 정발 이름 사용)
"Sects & Violets",섹츠 & 바이올렛,화단에 꽃피운 이단,기본 3종 에디션 이름. 앱 시나리오 선택 화면과 같은 정발 이름,2026-09-29 CastleQ 확정 (위키 번역·도감 모두 정발 이름 사용)
